"id","name","address","cityId","cityName","districtId","districtName","phone","telephones","logoUrl","businessTime","lowPrice","cinemaId"
"1","广州中影火山湖电影城东山口店","广州市越秀区农林下路4-6号锦轩现代城四楼","440100","广州市","440104","越秀区","020-87623898/020-87623868","020-87623898/020-87623868","https://pic.maizuo.comusr/4592/d9c024195d4b26dae7ad7226082d8d74.jpg","09：30-10：30","4900","4592"
"2","卢米埃广州IMAX影城","广州市海珠区海珠叠景路157—170号（双号）合生广场L5-01/17号单位","440100","广州市","440105","海珠区","020—89118170","020—89118170","https://pic.maizuo.comusr/6616/782158e3d8dcfb1d99eb2a2f1cb29807.png","10：00—02：00	","3000","6616"
"3","金逸影城海珠新都荟店","广东省广州市海珠区东晓南路 1290 号海珠新都荟 4 楼","440100","广州市","440105","海珠区","020-31956939","020-31956939","","","3500","9398"
"4","广州海珠万达广场店","广东省广州市海珠区广州大道南978号601铺","440100","广州市","440105","海珠区","undefined","","","","3990","9746"
"5","广州中都影城","广州市天河区黄埔大道保利克洛维3期3、4层（汉堡王对面观光梯直上）。","440100","广州市","440106","天河区","020-22119636","020-22119636","https://pic.maizuo.comusr/7814/4c825a0a7d23df9fed5b85caad9a4bc7.jpg","","4100","7814"
"6","广州中华广场电影城","广州市越秀区中山三路33号中华广场八楼","440100","广州市","440104","越秀区","020-83739423","020-83739423","https://pic.maizuo.comusr/497/FDEB9006EC1C7F0CF692FD29C1617D26.jpg","10:00-23:30","3000","497"
"7","广州万达影城海珠佳永广场店","广州市海珠区江南大道南与新滘西路交界处盈熙广场二楼","440100","广州市","440105","海珠区","020-34328246","020-34328246","https://pic.maizuo.comusr/2925/581a5a07eaa9b02bf3f5e42c2c55b013.tmp","","3890","2925"
"8","中影德金影城(丽影店)","广州市海珠区新港中路356号丽影广场B区5楼","440100","广州市","440105","海珠区","020-89309483","020-89309483","https://pic.maizuo.comusr/7645/c6bdc13efc67f2fb29d3725a2fddc469.png","","4190","7645"
"9","保利国际影城广州中环店","广东广州越秀区建设大马路18号中环广场南楼五层","440100","广州市","440104","越秀区","020-83030222","020-83030222","https://pic.maizuo.comusr/598/8e37af2386aa65a1bda0afac54215d1b.jpg","10:00-23:00","4800","598"
"10","金逸影城（广州花地IMAX店）","广州市荔湾区花地大道中66号第六层自编6-01 ","440100","广州市","440103","荔湾区","020-89998808","020-89998808","https://pic.maizuo.comusr/8766/4c825a0a7d23df9fed5b85caad9a4bc7.jpg","","3000","8766"
"11","百丽宫LUXE影城（天环店）","广州市天河区天河路212、214、216、218、220号天环广场地下一层B117铺","440100","广州市","440106","天河区","020-38559527","020-38559527","https://pic.maizuo.comusr/5271/4c825a0a7d23df9fed5b85caad9a4bc7.jpg","","4280","5271"
"12","广州金逸空中电影城","广东省广州市海珠区阅江西路222号","440100","广州市","440105","海珠区","020-89996086","020-89996086","https://pic.maizuo.comusr/1017/631ddf30279fa1fff3711444acd87585.jpg","10:00-22:00（次日）","5000","1017"
"13","广州喜航影城","广东省广州市海珠区江燕路99号201室","440100","广州市","440105","海珠区","020-89636679","020-89636679","https://pic.maizuo.comusr/8200/4c825a0a7d23df9fed5b85caad9a4bc7.jpg","","2740","8200"
"14","广州CGV影城（K11店）","广州市天河区珠江东路6号K11购物艺术中心5F","440100","广州市","440106","天河区","020-88835040","020-88835040","https://pic.maizuo.comusr/8190/4c825a0a7d23df9fed5b85caad9a4bc7.jpg","","8900","8190"
"15","广州飞扬影城高德置地店","广州市天河区珠江东路14号高德置地冬广场5楼501铺","440100","广州市","440106","天河区","020-85591013","020-85591013","https://pic.maizuo.comusr/1834/de8f12c5569d8fe91ce2e2e0e8591b4a.jpg","","5100","1834"
"16","金逸影城达镖店","广东广州海珠区昌岗中路238号达镖国际中心第五层","440100","广州市","440105","海珠区","020-89202828/020-89202838","020-89202828/020-89202838","https://pic.maizuo.comusr/761/d14cfdb306f24a0b6313783064c57045.jpg","10:00-24:00","3500","761"
"17","金逸影城维家思店","广州市黄埔大道西188号维家思广场三楼","440100","广州市","440106","天河区","020-87588855","020-87588855","https://pic.maizuo.comusr/37/d14cfdb306f24a0b6313783064c57045.jpg","10:00-24:00","4100","37"
"18","SFC上影影城（广州店）","广州市海珠区江燕路108号燕汇广场四楼","440100","广州市","440105","海珠区","020-89778118","020-89778118","https://pic.maizuo.comusr/202/E5E1ADE60156EBF84B0EBCEC4A766D11.jpg","早上10:00-晚上23:00","3400","202"
"19","飞扬影城正佳店","广州天河区天河路228号正佳广场7楼","440100","广州市","440106","天河区","020-85590911","020-85590911","https://pic.maizuo.comusr/220/dcf4731d0fcf8b2d9d3b10f5f4c5e19b.jpg","10:00-00:00","4390","220"
"20","金逸影城（光美番禺大石店）","广州市番禺区大石街建华汇商业中心F座3楼（人人乐超市、麦当劳）","440100","广州市","440113","番禺区","020-31001138","020-31001138","https://pic.maizuo.comusr/2857/f6ee879074d528720b7d65b4ae8a7414.png","","3400","2857"
"21","飞扬影城天河店","广州天河区天河城广场内西北塔四楼飞扬电影城","440100","广州市","440106","天河区","020-85596002","020-85596002","https://pic.maizuo.comusr/219/dcf4731d0fcf8b2d9d3b10f5f4c5e19b.jpg","10:00-00:00","4390","219"
"22","广州UA东方宝泰电影城"," 广州市天河区林和中路63号101房","440100","广州市","440106","天河区","020-85111168","020-85111168","https://pic.maizuo.comusr/6693/606272cc02685cb977cad2f9c3b07642.png","","4280","6693"
"23","中影喜遇国际影城","海珠区金聚街1-19号六福华庭二层自编225号商铺","440100","广州市","440105","海珠区","020-80927918","020-80927918","","","2690","9551"
"24","尚影城","海珠区江南大道中218号2楼（江南西地铁B出口，海员宾馆-壹街叁号旁）","440100","广州市","440105","海珠区","020-84435255","020-84435255","","","3800","10893"
"25","广州金逸海珠城IMAX店","广东省广州市海珠区江南大道中180号富力海珠商业广场B区7-8层","440100","广州市","440105","海珠区","020-89623235","020-89623235","https://pic.maizuo.comusr/2727/631ddf30279fa1fff3711444acd87585.tmp","","4500","2727"
"26","FUN范影城（原喜洋时代洛溪店）","广州市番禺区洛浦街奥林匹克大厦4楼","440100","广州市","440113","番禺区","020-34703000	","020-34703000	","https://pic.maizuo.comusr/797/88249edafb58ba7018b5a778e3e3aa99.jpg","10:00-24:00","2900","797"
"27","广州市一宫电影城","广东广州越秀区文明路65号","440100","广州市","440104","越秀区","020-83372923","020-83372923","https://pic.maizuo.comusr/775/39922b9cde2bd8a40d9205dba7a1c83c.jpg","9:30-23:00","3400","775"
"28","百丽宫IMAX影城(猎德igc店)","广州市天河区珠江新城兴民路222号天汇广场igcL416","440100","广州市","440106","天河区","020-85655971","020-85655971","https://pic.maizuo.comusr/5270/4c825a0a7d23df9fed5b85caad9a4bc7.jpg","","4700","5270"
"29","CGV影城广州北京路","广州市越秀区北京路168号粤海仰忠汇8层 ","440100","广州市","440104","越秀区","020-83522554","020-83522554","https://pic.maizuo.comusr/8761/4c825a0a7d23df9fed5b85caad9a4bc7.jpg","","4000","8761"
"30","广州期遇•艺电影城（北京路店）","广州市越秀区北京路238号名盛广场（天河城百货）九楼","440100","广州市","440104","越秀区","020-83609088","020-83609088","https://pic.maizuo.comusr/6949/46a8f7c14d865e9d5777779326bf8a15.png","10：00-24:00","2000","6949"
"31","广东工人电影院","广州市越秀区南堤二马路36号","440100","广州市","440104","越秀区","020-83881186","020-83881186","https://pic.maizuo.comusr/6704/4c825a0a7d23df9fed5b85caad9a4bc7.jpg","","2100","6704"
"32","永汉电影院","越秀区北京路186号3楼（潮楼对面）","440100","广州市","440104","越秀区","020-83330721","020-83330721","https://pic.maizuo.comusr/3031/8e341ab60ea5c99dfb6c00a496c57483.png","09:30-24:00（节假日除外）","3000","3031"
"33","广州华影青宫电影城","广州北京路312号青年文化宫二楼（晚上22点后请由青宫南门入）","440100","广州市","440104","越秀区","020-83329918","020-83329918","https://pic.maizuo.comusr/604/4c825a0a7d23df9fed5b85caad9a4bc7.jpg","9:30-24:00","3400","604"
"34","哈艺时尚影城(海珠赤岗店)","广州市海珠区石榴岗路10号首层","440100","广州市","440105","海珠区","020-29177888","020-29177888","https://pic.maizuo.comusr/893/6920c3661fcbe3f7bc69c66fe6f56592.jpg","10:00-24:00","3200","893"
"35","广州丽江影城","广州市番禺区洛浦街丽江花园商业广场（渔人码头）303（1）房","440100","广州市","440113","番禺区","020-39986366","020-39986366","https://pic.maizuo.comusr/737/99477bed734ceb0d215238d85e1f5841.jpg","10:00-23:30","3300","737"
"36","嘉悦国际影城（富基广场店）","海珠区同福东路663号富基广场二期五楼（市二宫地铁站A出口）","440100","广州市","440105","海珠区","020-80927308","020-80927308","","","2300","10007"
"37","广州星汇电影城","广州市越秀区西湖路63号光明广场七楼","440100","广州市","440104","越秀区","020-83312222","020-83312222","https://pic.maizuo.comusr/886/6c690c593b9dae19ca946e95e8f2be09.jpg","10:00-凌晨02:00","3100","886"
"38","广州五月花电影城","广州市中山五路68号五月花商业广场6楼","440100","广州市","440104","越秀区","020-83351988","020-83351988","https://pic.maizuo.comusr/4599/3f2c976f979ea543715a8ff8c7fe963c.png","","3900","4599"
"39","广州电影院","广东省广州市越秀区 沿江西路65号","440100","广州市","440104","越秀区","020-81914312","020-81914312","https://pic.maizuo.comusr/738/c2dfccd8d424c03afe59db2340b89a86.jpg","","3000","738"
"40","FUN范影城（燕塘·杜比巨幕）","天河区燕岭路133号苏荷独立艺术园区内","440100","广州市","440106","天河区","020-87222901","020-87222901","https://pic.maizuo.comusr/8192/4c825a0a7d23df9fed5b85caad9a4bc7.jpg","","2700","8192"
"41","北京路飞扬影城IMAX店","广州市越秀区中山五路70号捷登都会6楼","440100","广州市","440104","越秀区","020-83522576","020-83522576","https://pic.maizuo.comusr/7937/4fb8d86d241930502cf07ec2ffb00fae.jpg","","4300","7937"
"42","曜轩影城","广州市越秀区中山五路219号中旅商业城9楼（地铁公园前A出口）","440100","广州市","440104","越秀区","020-62990708","020-62990708","https://pic.maizuo.comusr/5613/007b1d2c2bfefa87920764be47cc893a.jpg","","4000","5613"
"43","大地影院（番禺大石城店）","广州市番禺区大石街朝阳西路大石城5楼","440100","广州市","440113","番禺区","020-28650751","020-28650751","https://pic.maizuo.comusr/73/226af4b1d757f2054a8370d5e24fb9ad.jpg","","3900","73"
"44","佰合兆全激光巨幕影城","天河区天河路518号闲鱼美食港三楼（原南方电脑城）","440100","广州市","440106","天河区","020-88523196","020-88523196","","","3000","9496"
"45","沃美影城石牌西店","天河区黄埔大道西365号珠水能源大厦5楼","440100","广州市","440106","天河区","020-37276080","020-37276080","https://pic.maizuo.comusr/2122/70efaa8df32764f9fcd71dabfa0eba40.tmp","","2900","2122"
"46","广州UA IMAX花城汇电影城","广州市天河区黄埔大道西74号花城汇负一层1130-1132号铺","440100","广州市","440106","天河区","020-85111168","020-85111168","https://pic.maizuo.comusr/603/bc6cb773ac0f051bb0658f247a241246.jpg","10:00-23:00","4300","603"
"47","广州传奇国际影城广源店","白云区景泰直街33号广源文化商业中心五楼","440100","广州市","440111","白云区","undefined","","","","2800","9480"
"48","广州天娱广场天河电影城","广州市天河路623号岗顶天娱广场5楼（地铁三号线A出口）","440100","广州市","440106","天河区","020-87576722","020-87576722","https://pic.maizuo.comusr/140/95412360B2E9A0A4F21366631A51D7BF.jpg","9:50-23:40","4170","140"
"49","广州华影梅花园影城","广州市白云区广州大道北28号梅花园商业广场5楼","440100","广州市","440111","白云区","020-37322088","020-37322088","https://pic.maizuo.comusr/628/e6b00975aeeed655639164e939f4ebf3.jpg","10:00-24:00","3300","628"
"50","广州中影凤凰影城同和店","广州市白云区广州大道北同和街1号金铂广场4楼","440100","广州市","440111","白云区","020-36297205","020-36297205","https://pic.maizuo.comusr/2708/f5f518044e9ebdb936a436c321e00b4a.tmp","","3220","2708"
"51","广州嘉莱影乐汇","广州市白云区白云大道北880号安华汇六层","440100","广州市","440111","白云区","44002051","44002051","https://pic.maizuo.comusr/8656/4c825a0a7d23df9fed5b85caad9a4bc7.jpg","","2490","8656"
"52","佳影国际影城（番禺店）","广州市番禺区洛浦街沙溪村进村公路西侧丽江明珠歌剧院四层","440100","广州市","440113","番禺区","020-31163789","020-31163789","https://pic.maizuo.comusr/8197/4c825a0a7d23df9fed5b85caad9a4bc7.jpg","","3600","8197"
"53","金逸影城太阳城店","广州市白云区广州大道北1811号嘉裕太阳城广场三楼（地铁3号线京溪南方医院站C出口）","440100","广州市","440111","白云区","020-36732001","020-36732001","https://pic.maizuo.comusr/39/671f582f5beaf7ec3fb221ccf9393bb5.jpg","10:00-00:00","4000","39"
"54","广州万达影城（白云店）","广东广州云城东路503号白云万达广场娱乐楼三楼","440100","广州市","440111","白云区","020-36689666/020-36689777","020-36689666/020-36689777","https://pic.maizuo.comusr/494/581a5a07eaa9b02bf3f5e42c2c55b013.jpg","09:30-02:00","3990","494"
"55","百老汇LUXE影城(凯德店）","广州市白云区云城西路890号凯德广场·云尚5楼","440100","广州市","440111","白云区","020-36607719","020-36607719","https://pic.maizuo.comusr/5272/4c825a0a7d23df9fed5b85caad9a4bc7.jpg","","3850","5272"
"56","中影佰纳影城番禺大石店","广州市番禺区大石街105国道561号","440100","广州市","440113","番禺区","020-31561553","020-31561553","https://pic.maizuo.comusr/4903/f33dcd08b20537be60709ebf1341d26a.jpg","10:30-23:30","3800","4903"
"57","中影天川国际影城（永泰店）","广州市白云区丛云路945号","440100","广州市","440111","白云区","020-31210591","020-31210591","https://pic.maizuo.comusr/7772/4c825a0a7d23df9fed5b85caad9a4bc7.jpg","","2050","7772"
"58","飞扬影城IMAX激光乐峰店","广州市海珠区工业大道北105-106乐峰广场L2","440100","广州市","440105","海珠区","020-89303925","020-89303925","https://pic.maizuo.comusr/5077/de8f12c5569d8fe91ce2e2e0e8591b4a.jpg","09:30-24:00","3600","5077"
"59","中影凤凰影城(永泰店)","白云区永平街永康路45-53号宝湾广场5楼","440100","广州市","440111","白云区","020-66677360","020-66677360","https://pic.maizuo.comusr/8796/4c825a0a7d23df9fed5b85caad9a4bc7.jpg","","2400","8796"
"60","中影南方国际影城流花店","广东省广州越秀区流花路117号1号馆4楼","440100","广州市","440104","越秀区","020-83523083","020-83523083","https://pic.maizuo.comusr/7372/2dffcd54f18204485c3e66c775d0b7b8.jpg","","3000","7372"
"61","IDC国际影城白云尚城店","白云区尚景街1号白云尚城文化活动中心","440100","广州市","440111","白云区","020-29884880","020-29884880","https://pic.maizuo.comusr/1950/b60ebc518d7989c5265b05775ab37d0c.jpg","","3110","1950"
"62","DY影城富力家信LUXE店","海珠区工业大道北88号富力家信商业中心（盒马鲜生）3楼","440100","广州市","440105","海珠区","020-32641370","020-32641370","","","2000","10879"
"63","广州JAJ24小时咖啡影院科宝商城店","广州市番禺区大石街朝阳东路186号A201","440100","广州市","440113","番禺区","02039185837","02039185837","https://pic.maizuo.comusr/3291/23c6546da35592f4c7f34df8d98274b0.jpg","","2590","3291"
"64","广州中影国际影城太阳新天地店","广州市天河区珠江新城马场路36号太阳新天地购物中心8楼","440100","广州市","440106","天河区","020-37260461-8001","020-37260461-8001","https://pic.maizuo.comusr/890/251b6a17003ba55597f77de5e84892fd.jpg","10：00-凌晨02：00","4500","890"
"65","橙天嘉禾影城（白云店 )","广州市白云新城机场路云霄路五号停机坪购物广场3楼","440100","广州市","440111","白云区","020-36077788","020-36077788","https://pic.maizuo.comusr/4608/00afc6a6053381981ca5721b5535b944.jpg","10:00-2:00","4100","4608"
"66","广州金逸影城百信店","广州市白云区机场路1423－1455号百信三期五层","440100","广州市","440111","白云区","020-86310906","020-86310906","https://pic.maizuo.comusr/38/671f582f5beaf7ec3fb221ccf9393bb5.jpg","10:00-24:00","4000","38"
"67","中影乐佳影城","天河区天河北路703号曜和广场3楼(近华师后门)","440100","广州市","440106","天河区","020-38202202","020-38202202","https://pic.maizuo.comusr/1627/8829c200ee00351fabc6e4db594f05ae.jpg","","2200","1627"
"68","星汇影城（天河新天地广场店）","天河区天源路5号天河新天地5楼（天河客运站D出口）","440100","广州市","440106","天河区","undefined","","","","2700","9027"
"69","中影国际影城广州中船汇店","广州市海珠区革新路139号自编3号第四栋","440100","广州市","440105","海珠区","undefined","","","","2310","9514"
"70","大地影院（白云新市天地店）","广州市白云区运城街新市南街45号广州市连富广场F栋3楼","440100","广州市","440111","白云区","020-36162088","020-36162088","https://pic.maizuo.comusr/3378/e4c9c117c99043e7aae70e4a6205a8a4.png","","3400","3378"
"71","唐德国际影城白云汇店","白云区黄石东路88号白云汇广场7F","440100","广州市","440111","白云区","020-31235513","020-31235513","https://pic.maizuo.comusr/7653/4c825a0a7d23df9fed5b85caad9a4bc7.jpg","","3590","7653"
"72","任我行激光巨幕影城（嘉大广场店）","白云区空港大道88号嘉大广场C塔美食城6层","440100","广州市","440111","白云区","undefined","","","","2390","9420"
"73","广州蓓蕾剧院","广州东风西路167号人民北路875号","440100","广州市","440104","越秀区","020-81362572","020-81362572","https://pic.maizuo.comusr/4591/addfd5f38f2eca23658070b62d0bb361.jpg","10:00-22:00","2400","4591"
"74","广州太古仓电影库","广州市海珠区革新路124号6-7仓","440100","广州市","440105","海珠区","020-84309788","020-84309788","https://pic.maizuo.comusr/199/12429a83f494c49e7de24a0a2d91b63a.jpg","09:30-02:00","2400","199"
"75","中影CCV影城","白云区棠景路181号韩汇里A栋四层全层","440100","广州市","440111","白云区","020-86268878","020-86268878","","","3300","10028"
"76","金逸影城（百信西区IMAX店）","广州市白云区棠乐路百信广场西区L3-002","440100","广州市","440111","白云区","020-31477723","020-31477723","https://pic.maizuo.comusr/8707/4c825a0a7d23df9fed5b85caad9a4bc7.jpg","","4000","8707"
"77","广州美亚IMAX激光影城（云门店）","广州市白云区百顺北路1号新世界云门Newpark3楼（地铁嘉禾望岗A出口）","440100","广州市","440111","白云区","020-86385566","020-86385566","","","3900","8897"
"78","粤骏电影城广州店","广州市白云区棠景街沙涌北大街18号新乐嘉商业广场A1区二楼02铺","440100","广州市","440111","白云区","020-62667770","020-62667770","https://pic.maizuo.comusr/4013/c67b06e7eaa12f2d4ca8a79e99441902.jpg","","3300","4013"
"79","哈艺时尚影城(白云YH城店)"," 广东广州白云区鹤边鹤龙一路208号YH城3楼","440100","广州市","440111","白云区","020-29175088","020-29175088","https://pic.maizuo.comusr/2293/6920c3661fcbe3f7bc69c66fe6f56592.tmp","","2030","2293"
"80","脉铂影城（嘉禾金铂天地店）","白云区鹤龙二路85号嘉禾金铂天地5楼脉铂影城","440100","广州市","440111","白云区","020-31230291","020-31230291","","","2290","10914"
"81","广州横店影城","广州市天河区长兴路13号高德汇购物广场三楼","440100","广州市","440106","天河区","020-85605980","020-85605980","https://pic.maizuo.comusr/631/6037ce90daf4f418db3a8b60bdd5b7df.jpg","10:00-24:00","2900","631"
"82","广州IDC星梦影城","广州市番禺区番禺大道北383号海印又一城4楼","440100","广州市","440113","番禺区","020-39193288 / 020-39193268	","020-39193288 / 020-39193268	","https://pic.maizuo.comusr/932/b60ebc518d7989c5265b05775ab37d0c.jpg","","3640","932"
"83","广州JAJ24小时咖啡影院嘉汇广场店","广州市白云区嘉汇广场3层","440100","广州市","440111","白云区","暂无","暂无","https://pic.maizuo.comusr/3255/23c6546da35592f4c7f34df8d98274b0.jpg","","3530","3255"
"84","期遇·隽电影城（上下九东方汇店）","荔湾区下九路58-60号东方汇五楼","440100","广州市","440103","荔湾区","020-80504326","020-80504326","","","1600","9336"
"85","金逸影城和业店","广州市荔湾区康王中路486号和业广场四层402","440100","广州市","440103","荔湾区","020-81236080","020-81236080","https://pic.maizuo.comusr/244/d14cfdb306f24a0b6313783064c57045.jpg","10:00-24:00","2500","244"
"86","广州时尚哈艺影城东平店","广州市白云区永平街东平中路5号时代都荟三楼","440100","广州市","440111","白云区","020-82322899	","020-82322899	","https://pic.maizuo.comusr/2806/6920c3661fcbe3f7bc69c66fe6f56592.jpg","10:00-24:00","1810","2806"
"87","广州平安大戏院","广州市荔湾区第十甫路125号（上下九步行街内）","440100","广州市","440103","荔湾区","020-81395329","020-81395329","https://pic.maizuo.comusr/602/7E1D446AE71BECBDBD596623EA360575.jpg","10:00-23:00","2500","602"
"88","楼上友嘉影城（五山店）","天河区茶山路251-261号二层（单号）","440100","广州市","440106","天河区","020-87584645","020-87584645","https://pic.maizuo.comusr/8523/4c825a0a7d23df9fed5b85caad9a4bc7.jpg","","3400","8523"
"89","中影南方V影城","广州市番禺区钟村街105国道钟村路段钟村市场二楼之三","440100","广州市","440113","番禺区","020-85829260","020-85829260","https://pic.maizuo.comusr/8417/4c825a0a7d23df9fed5b85caad9a4bc7.jpg","","3500","8417"
"90","广州中影南方韦邦国际影城","广州市番禺区钟村雄105国道雄峰城B1三楼","440100","广州市","440113","番禺区","020-39183740","020-39183740","https://pic.maizuo.comusr/4512/4ba5c174cebdce1d7a94dc6225d63304.jpg","","3110","4512"
"91","广州车陂国际影城","广州市天河区中山大道中87号苏宁生活广场3楼","440100","广州市","440106","天河区","020-82304989","020-82304989","https://pic.maizuo.comusr/1126/a2d2fdb57d779f068cce84b3d8ab9d0e.tmp","09:30-24:00","2200","1126"
"92","中影星海国际影城黄石店","白云区黄石街黄石西路383号1栋202","440100","广州市","440111","白云区","020-31522453","020-31522453","","","2300","10832"
"93","左岸国际影城（黄石店）","白云区新市黄石西路金国广场二楼","440100","广州市","440111","白云区","020-31217717","020-31217717","","","3100","8989"
"94","广州中影佰纳（飞影）电影城天河店","广东广州天河区东莞庄路世纪联华2楼","440100","广州市","440106","天河区","020-37225388","020-37225388","https://pic.maizuo.comusr/757/e27e2b885af0b688e5db7f598d04383c.jpg","星期一至五12:30-00:30；星期六日、节假日10:00-0:30","3300","757"
"95","星天地国际影城（萝岗店）","广东省广州市白云区均禾街道罗岗村委旁中源广场四楼","440100","广州市","440111","白云区","020-31232998","020-31232998","","","2500","8844"
"96","yes梦想影城（中国巨幕CGS小西关店）","广州市荔湾区荔湾路97号动感小西关内（地铁1号线陈家祠站D出口步行550米）","440100","广州市","440103","荔湾区","020-81977818","020-81977818","https://pic.maizuo.comusr/7399/6227ea87cbb65f7692878cafc90a2b59.png","","1820","7399"
"97","（原西城都荟）广州UA领展购物广场电影城","广州市荔湾区黄沙大道8号西城都荟广场三楼","440100","广州市","440103","荔湾区","020-85111168","020-85111168","https://pic.maizuo.comusr/865/b9bbbf9a90f24b966fd6f0a292ca4bd6.jpg","10:00-22:00","4170","865"
"98","百川国际影城(荔湾华润万家店)","广州市荔湾区中山八路12号401房","440100","广州市","440103","荔湾区","undefined","","","","2500","10190"
"99","中影凤凰国际影城龙归店","广州市白云区太和镇龙归龙岗路1号金铂广场4楼","440100","广州市","440111","白云区","020-61992188","020-61992188","https://pic.maizuo.comusr/1628/f5f518044e9ebdb936a436c321e00b4a.jpg","","2600","1628"
"100","大地影院-（天河员宫店）","广州市天河区员村二横路2号","440100","广州市","440106","天河区","020-85575341 / 4006782828","020-85575341 / 4006782828","https://pic.maizuo.comusr/74/226af4b1d757f2054a8370d5e24fb9ad.jpg","","3900","74"
"101","CGV影城（悦汇城IMAX店）","荔湾区西湾路悦汇城4层D区CGV影城","440100","广州市","440103","荔湾区","020-81179939","020-81179939","","","3300","10836"
"102","烽禾影城（祈福新店）","番禺区钟村钟福广场二期四楼","440100","广州市","440113","番禺区","4006510086","4006510086","","","3300","9421"
"103","广州华影万晟国际影城","广州市荔湾区逢源路153号（3-5楼）","440100","广州市","440103","荔湾区","020-81236302","020-81236302","https://pic.maizuo.comusr/612/1e44b7c740bccf59b4e6c36942d4ded1.jpg","10:00-24:00","2580","612"
"104","广州中影聚丰国际影城","广州市白云区石夏路288号金珀广场7楼","440100","广州市","440111","白云区","020-86213424","020-86213424","https://pic.maizuo.comusr/6729/e39cc5105b71fcb5aa618fe5292110e0.jpg","10:30-24:00","2000","6729"
"105","哈艺时尚影城(立白中心店)","广州市荔湾区陆居路2号立白大厦负一层自编B102/B103/B108号","440100","广州市","440103","荔湾区","020-81658597","020-81658597","https://pic.maizuo.comusr/7884/4c825a0a7d23df9fed5b85caad9a4bc7.jpg","","2890","7884"
"106","未来欢乐汇影城","荔湾区鹤洞路中海花湾天地三层","440100","广州市","440103","荔湾区","020-36998765","020-36998765","","","3300","10005"
"107","珠影飞扬影城（番禺天河城店）","番禺区万博商务区汉溪大道东366号番禺天河城5-6楼","440100","广州市","440113","番禺区","15920432747","15920432747","","","3300","11165"
"108","广州万达影城（番禺店）","广州市番禺区汉溪大道东381号番禺万达广场4楼","440100","广州市","440113","番禺区","020-31007598","020-31007598","https://pic.maizuo.comusr/1377/581a5a07eaa9b02bf3f5e42c2c55b013.tmp","","3990","1377"
"109","广州金逸影城西村店","广东省广州市荔湾区西增路63号原创元素创意园自编A11号楼A11-201铺","440100","广州市","440103","荔湾区","020-66288253","020-66288253","https://pic.maizuo.comusr/866/671f582f5beaf7ec3fb221ccf9393bb5.jpg","10:00-24:00","2500","866"
"110","哈艺巨幕影城（祈福度假俱乐部店）","番禺区市广路8号祈福新村度假俱乐部","440100","广州市","440113","番禺区","020-39290151","020-39290151","","","3400","9300"
"111","哈艺时尚影城（番禺祈福店）","广州市番禺区钟村街福华路64号（祈福俱乐部斜对面）","440100","广州市","440113","番禺区","39290151","39290151","https://pic.maizuo.comusr/7885/4c825a0a7d23df9fed5b85caad9a4bc7.jpg","10：00-23:00","3400","7885"
"112","广州新影汇国际影城","广州市荔湾区花地大道中228号奔富广场首层（地铁1号线坑口站B出口右转200米）","440100","广州市","440103","荔湾区","020-86536143","020-86536143","https://pic.maizuo.comusr/6685/63eb378dd6f7a837e5bdf9b1a7829cb3.jpg","","3000","6685"
"113","期遇·悦电影城（龙归悦和方店）","白云区龙悦新街156号龙归城悦和方购物中心四楼","440100","广州市","440111","白云区","020-31922125","020-31922125","","","2890","10894"
"114","广东科学中心科技影院","广东广州番禺区大学城西六路168号广东科学中心","440100","广州市","440113","番禺区","020-39348080","020-39348080","https://pic.maizuo.comusr/231/66bc329ba72eded48ef80a365fe33565.bmp","09:00-22:00","3100","231"
"115","龙影国际影城平沙店","广东省广州市白云区均禾街平沙商贸大厦天和百货3楼龙影国际影城","440100","广州市","440111","白云区","020-36772511","020-36772511","https://pic.maizuo.comusr/1746/5eeb1c3bcd829628df2be93d2b884656.jpg","早上10:00至放映结束","3940","1746"
"116","中影石井巨幕影城LUXE","白云区石井街石槎路自编3号D栋3楼101房","440100","广州市","440111","白云区","undefined","","","","3000","10022"
"117","爱禧鹅掌坦店（原保利影城）","广州市白云区西槎路99号骐利广场C座5楼地铁8号线鹅掌坦A出口20米","440100","广州市","440111","白云区","020-36478083","020-36478083","https://pic.maizuo.comusr/974/6f7ceb05dc004a2dc145a114c36bf25c.jpg","","980","974"
"118","大导演激光巨幕影城(大源店)","广东省广州市白云区大源南路108号大源商业广场三楼","440100","广州市","440111","白云区","020-31232861","020-31232861","","","3400","8840"
"119","金逸影城（琶洲六元素店）","广州市海珠区新港东路1088号六元素体验天地5楼","440100","广州市","440105","海珠区","020-37601839","020-37601839","","","3500","9402"
"120","龙洞巨幕影城","广州市天河区迎龙路163号大院内B4栋之一A1","440100","广州市","440106","天河区","020-87066522","020-87066522","https://pic.maizuo.comusr/8196/4c825a0a7d23df9fed5b85caad9a4bc7.jpg","","3690","8196"
"121","博亚国际影城(南岸路店)","广州市荔湾区南岸路45号圣地新天地广场3楼","440100","广州市","440103","荔湾区","020-81179390","020-81179390","https://pic.maizuo.comusr/4595/2bff5cbc8c4ddae4e6ca449f89f72e6f.jpg","","3800","4595"
"122","左岸国际影城（海荟城店）","荔湾区荔河商贸中心海荟城四楼","440100","广州市","440103","荔湾区","020-81564766","020-81564766","","","2600","9023"
"123","古时代·国际影城","番禺区沙头街小罗村小罗商业城金亿广场一楼古时代.国际影城","440100","广州市","440113","番禺区","020-31143810","020-31143810","https://pic.maizuo.comusr/8528/4c825a0a7d23df9fed5b85caad9a4bc7.jpg","","3400","8528"
"124","艺达国际影城（天河店）","广州市天河区广园东路智汇park博汇街6号C栋三楼","440100","广州市","440106","天河区","020-89285469","020-89285469","","","2200","9235"
"125","哈艺时尚影城(天河科韵店)","广州市天河区棠安路288-298号天盈建博汇建材市场1楼","440100","广州市","440106","天河区","020-29072988	","020-29072988	","https://pic.maizuo.comusr/1794/6920c3661fcbe3f7bc69c66fe6f56592.jpg","","2700","1794"
"126","中影南方IMAX影城（科韵路店）","广州市天河区黄埔大道中299号东方国际商业广场4楼","440100","广州市","440106","天河区","020-88527292","020-88527292","","","3400","10006"
"127","左岸国际影城(石井店)","广州市白云区白云湖街石沙路86号石井国际综合楼广场第四层D-H/1-13铺","440100","广州市","440111","白云区","020-66887388","020-66887388","https://pic.maizuo.comusr/7350/4c825a0a7d23df9fed5b85caad9a4bc7.jpg","","2300","7350"
"128","龙影国际影城（棠下店）","广州市天河区棠德南路44号乐天棠德广场2楼","440100","广州市","440106","天河区","13570338262","13570338262","https://pic.maizuo.comusr/648/9eb47f0d034c300730ef3b2165288449.jpg","9：30-24：00","2300","648"
"129","哈艺时尚影城(合生骏景店)","广州市天河区中山大道西1138号合生骏景广场三楼","440100","广州市","440106","天河区","202-22095858","202-22095858","https://pic.maizuo.comusr/3160/6920c3661fcbe3f7bc69c66fe6f56592.jpg","","2050","3160"
"130","广州左岸国际电影城","广州市白云区淞南路1号汇锦新天地D栋","440100","广州市","440111","白云区","020-81999252","020-81999252","https://pic.maizuo.comusr/4606/05cedd836da7519e13918f5356f9d7fa.jpg","10:00-23:00","2150","4606"
"131","CGV影城（万胜围店）","广州市海珠区琶洲蟠龙新街2号4层自编C402、5层自编C502  ","440100","广州市","440105","海珠区","020-89119354/18818414714","020-89119354/18818414714","https://pic.maizuo.comusr/8804/66b372bc8dc80b571e3b016bc9ed8a4a.jpg","","5000","8804"
"132","广州万达影城（万胜围店）","广州市海珠区新港东路1236号万胜广场5楼","440100","广州市","440105","海珠区","暂无","暂无","https://pic.maizuo.comusr/1480/1b76c581c61eb09b1a943599426b6926.jpg","","3590","1480"
"133","广州横店影视白云庆丰店","广东省广州市白云区庆丰广场路财智广场3楼","440100","广州市","440111","白云区","020-36372066","020-36372066","https://pic.maizuo.comusr/1266/4caba45dd23df0f87aee721d014f3813.jpg","10：30-01：30(次日）","2400","1266"
"134","中影美妙影城（人和店）","白云区人和大街3号首层","440100","广州市","440111","白云区","020-31216029","020-31216029","","","3090","9423"
"135","大地影院（人和华通广场店）","广州市白云区人和镇鹤龙六路187号华通广场3F","440100","广州市","440111","白云区","020-86456815","020-86456815","https://pic.maizuo.comusr/1092/226af4b1d757f2054a8370d5e24fb9ad.jpg","","3400","1092"
"136","遇见影城人和大都会店","白云区人和育英街2号人和大都汇","440100","广州市","440111","白云区","undefined","","","","2990","9026"
"137","大地影院（番禺西丽广场店)","广州市番禺区市桥街西丽南路93号西丽广场4楼","440100","广州市","440113","番禺区","020-39046175","020-39046175","https://pic.maizuo.comusr/1093/226af4b1d757f2054a8370d5e24fb9ad.jpg","","3400","1093"
"138","中影星海国际影城","广州市番禺区市桥光明北路281号百佳广场4楼中影星海影城","440100","广州市","440113","番禺区","020-31566393","020-31566393","https://pic.maizuo.comusr/5060/e61c0b23a0902dd4d6e656350de5e7e9.jpg","","3900","5060"
"139","金逸影城IMAX（光美番禺沙湾店）","广州市番禺区沙湾镇西环路龙岐村路段荔园新天地第3层","440100","广州市","440113","番禺区","020-34838998","020-34838998","https://pic.maizuo.comusr/2848/f6ee879074d528720b7d65b4ae8a7414.png","","3790","2848"
"140","广州烽禾影城剑桥郡店","广州市番禺区南村镇雅居乐剑桥郡国际文化中心4楼烽禾影城","440100","广州市","440113","番禺区","4006510086","4006510086","https://pic.maizuo.comusr/1358/53c976684d8b13c64b1c61893d34f140.jpg","平日12:30-24:00周末09:30","3790","1358"
"141","中影新港影城（人和店）","广州市仁和商业中心西成路好友多4楼","440100","广州市","440111","白云区","020-31232125","020-31232125","","","3200","9422"
"142","广州江高巨幕国际影城","广东省广州市白云区江高镇旧广花路8号之三自编A301铺","440100","广州市","440111","白云区","020-86602006","020-86602006","https://pic.maizuo.comusr/1848/e2f91ff07bfb1f11ee44479c983c4553.jpg","星期一至日10:00-24:00","3860","1848"
"143","期遇·逸电影城（易发街新大新店）","广东省广州市番禺区市桥街光明北路34、36号（商业中心）四层403","440100","广州市","440113","番禺区","020-84858688","020-84858688","","","3790","8839"
"144","期遇•UUE电影城(繁华路店) ","广州市番禺区市桥繁华路57号金口岸大厦6楼","440100","广州市","440113","番禺区","020-84839893","020-84839893","https://pic.maizuo.comusr/636/ffd8b196ec2f1ab7f6708e0456fd1b20.png","10：30-24：00","3590","636"
"145","广州中影JAJ24小时咖啡影院易发街店","广州番禺区市桥街繁华路3号三楼","440100","广州市","440113","番禺区","020-39199903","020-39199903","https://pic.maizuo.comusr/3056/23c6546da35592f4c7f34df8d98274b0.jpg","","3410","3056"
"146","广州万达影城番禺奥园广场店","广东省广州市番禺区桥南街福德路281号奥园广场三楼万达影城","440100","广州市","440113","番禺区","undefined","","","","3590","9601"
"147","广州番禺市桥文化中心","广州市番禺区市桥街光明南路7号","440100","广州市","440113","番禺区","020-84833640","020-84833640","https://pic.maizuo.comusr/214/B7067880A21FDE51957DD47B714F9F84.jpg","10:00-24:00","2500","214"
"148","金逸珠江国际影城（大学城店）"," 广州市番禺区小谷围街贝岗中二横路GOGO新天地","440100","广州市","440113","番禺区","020-39340185","020-39340185","https://pic.maizuo.comusr/5089/81259645978da8b91ff07bde74e629c5.jpg","","3530","5089"
"149","哈艺时尚影城(金沙洲店)","广东省广州市白云区金沙洲路111号之四层自编号401号商铺","440100","广州市","440111","白云区","020-81777089","020-81777089","","","2490","8838"
"150","广州中影星河电影城番禺（南村店）","广州市番禺区南村镇兴业大道1117号B01铺","440100","广州市","440113","番禺区","020-31133335","020-31133335","https://pic.maizuo.comusr/3205/448a8e1e33c69c1b9bd69bca868c532c.jpg","","3740","3205"
"151","广州期遇·Ta电影城黄埔古港店","广州市海珠区黄埔村村口6号自编之一11-101","440100","广州市","440105","海珠区","020-31955419","020-31955419","https://pic.maizuo.comusr/8455/4c825a0a7d23df9fed5b85caad9a4bc7.jpg","","2500","8455"
"152","英嘉影城","番禺区市桥街道工业路百德商业中心3楼","440100","广州市","440113","番禺区","020-37602009","020-37602009","","","3800","10849"
"153","广州市东圃摩登电影城","广州市天河区东圃大马路14号东圃摩登城三楼","440100","广州市","440106","天河区","020-62861010","020-62861010","https://pic.maizuo.comusr/200/e202076d9b6282ca7412a338149095b0.jpg","10:00-00:30","2150","200"
"154","广州中影火山湖国际影城番禺店","番禺区桥南街南路108号三层（哈街，靠近大润发）","440100","广州市","440113","番禺区","020-39292999","020-39292999","https://pic.maizuo.comusr/770/d51f263d67755f1f91ad0ec420b72fb1.jpg","10:00 - 24:00","3210","770"
"155","FUN范影城（东圃·杜比巨幕）","广州市天河区东圃大马路4号","440100","广州市","440106","天河区","4008-318-000","4008-318-000","https://pic.maizuo.comusr/495/88249edafb58ba7018b5a778e3e3aa99.jpg","","2300","495"
"156","广州泛洋国际影城","广州市番禺区市桥清河东路203号汇珑新天地5-6楼","440100","广州市","440113","番禺区","020-84618008","020-84618008","https://pic.maizuo.comusr/955/100d1a923313d4d8606bf3e031eed093.jpg","","5010","955"
"157","至潮影城","白云区创佳路3号、5号广州梦多多小镇四层L401商铺","440100","广州市","440111","白云区","020-66375833","020-66375833","","","3000","10014"
"158","广州万达影城天河万科店","广州市天河区华观路1932号天河万科广场4层","440100","广州市","440106","天河区","undefined","","","","3990","9033"
"159","中影国际影城广州金沙洲店","广州市白云区沙凤一路永旺梦乐城4楼","440100","广州市","440111","白云区","020-81769787","020-81769787","https://pic.maizuo.comusr/8614/4c825a0a7d23df9fed5b85caad9a4bc7.jpg","","2680","8614"
"160","华夏太古影城（番禺广场店）","番禺区番禺广场基盛万科中央公园B区5楼","440100","广州市","440113","番禺区","020-31147253","020-31147253","","","3100","9000"
"161","星都国际影城（花都拉丁茂店）","花都区迎宾大道181号拉丁茂广场3楼","440100","广州市","440114","花都区","undefined","","","","2800","10017"
"162","CGV星聚汇影城广州永旺店","广州市番禺区亚运大道1号永旺梦乐城4F","440100","广州市","440113","番禺区","020-23331500","020-23331500","https://pic.maizuo.comusr/3109/7a6c881e8de5feb90805ae20fa92ef32.png","","4500","3109"
"163"," 大地影院（广州优托邦店）"," 广州市天河区奥体南路12号优托邦家居馆三楼D316","440100","广州市","440106","天河区","020-82524282","020-82524282","https://pic.maizuo.comusr/4593/226af4b1d757f2054a8370d5e24fb9ad.jpg","12:30-翌日8:30","3700","4593"
"164","广州中影环球国际影城","广州市天河区中山大道中1088号博裕广场三楼（珠村BRT公交站或乐购旁）","440100","广州市","440106","天河区","020-89853449","020-89853449","https://pic.maizuo.comusr/3207/199f14e5776b9d235d934aab61687869.png","","2200","3207"
"165","大地数字影院--番禺潮流汇店","广州市番禺区石基镇市莲路41号石岗东村段K1潮流汇6楼","440100","广州市","440113","番禺区","020-39122173","020-39122173","https://pic.maizuo.comusr/1089/226af4b1d757f2054a8370d5e24fb9ad.jpg","","4100","1089"
"166","JAJ24小时咖啡影院钟港大厦店","广州白云区钟落潭广从五路491号钟港大厦四楼","440100","广州市","440111","白云区","020-31233926","020-31233926","https://pic.maizuo.comusr/6267/6772c664c6c7d4ac138d7c6f2f4b42a6.jpg","","3530","6267"
"167","DY影城漫广场LUXE店","广州市天河区中山大道中1242号漫广场5楼","440100","广州市","440106","天河区","020-66360866","020-66360866","https://pic.maizuo.comusr/8463/4c825a0a7d23df9fed5b85caad9a4bc7.jpg","","2600","8463"
"168","喜盟国际影城（花都店）","广州市花都区新华街田美村凤凰南路88号田美商业楼B幢5","440100","广州市","440114","花都区","86888859","86888859","https://pic.maizuo.comusr/5895/67867297bcb00c18708877d08315828e.jpg","","2300","5895"
"169","广州花都横店电影城","广东省广州市花都区新华街天贵路46号百花广场四楼","440100","广州市","440114","花都区","020-86800863","020-86800863","https://pic.maizuo.comusr/2723/287d24415747c2c2f2c2eecff72ee550.tmp","","2400","2723"
"170","广州中影佰纳国际影城花都店","广州市花都区新华街龙珠路41号广百新一城5楼","440100","广州市","440114","花都区","020-36811108 ","020-36811108 ","https://pic.maizuo.comusr/1379/eec11befab102a17acbb10423f67a789.jpg","","3000","1379"
"171","品纳影城（花都汽车站店）","花都区花都汽车城地铁站B出口","440100","广州市","440114","花都区","020-86874734","020-86874734","","","2700","10010"
"172","中影南方星曜影城 ","广州市白云区江高镇振华南路二街47-49-51号","440100","广州市","440111","白云区","undefined","","","","2800","9929"
"173","希恩国际影城（花都华润万家店）","花都区云山大道31号银丰大厦华润万家5楼","440100","广州市","440114","花都区","020-89680472","020-89680472","","","2770","10013"
"174","博纳国际影城(花都店)","广东省广州市花都区茶园路15号好名显花城广场4-5层","440100","广州市","440114","花都区","020-36968589","020-36968589","","","2790","8845"
"175","万达影城（广州花都融创城店）","广州市花都区凤凰北路63号融创茂购物中心3楼万达影城","440100","广州市","440114","花都区","undefined","","","","3590","9032"
"176","畅悦影城（黄埔星荟城店）","黄埔区荔香路50号星荟城二楼","440100","广州市","440112","黄埔区","020-32013380","020-32013380","","","3080","9364"
"177","广州喜洋时代影城花都店","广州市花都区新华镇建设北路72号星光汇商厦8楼","440100","广州市","440114","花都区","4008-318-000","4008-318-000","https://pic.maizuo.comusr/177/88249edafb58ba7018b5a778e3e3aa99.jpg","","2590","177"
"178","中影德金影城（黄埔大沙地•杜比全景声店）","黄埔区大沙地28号雄资购物城8楼（大沙地地铁C出口东行100米派出所旁）","440100","广州市","440112","黄埔区","020-66360928","020-66360928","","","3400","10869"
"179","左岸国际影城（萝岗店）","黄埔区开创大道3327号东方汇广场四楼","440100","广州市","440112","黄埔区","020-61790371","020-61790371","","","2600","8992"
"180","广州乐天影城","广州白云区钟升东路47-49号303","440100","广州市","440111","白云区","2037417103","2037417103","https://pic.maizuo.comusr/2865/e20ca5e191f38ca58ff61b84ce2dbd05.jpg","","4000","2865"
"181","广州烽禾影城科学城店","广州市黄埔区科学大道193号高德汇购物中心五楼","440100","广州市","440112","黄埔区","4006510086","4006510086","https://pic.maizuo.comusr/4572/9a6c5b6a8f2aaa28fefb483b3a94b060.jpg","周一至周五11:30-24:00；周六周日10:00-24:00","3100","4572"
"182","大地影院（石碁城市广场店）","广州市番禺石碁镇莲塘路2号七座四楼402","440100","广州市","440113","番禺区","020-8455888","020-8455888","https://pic.maizuo.comusr/7388/2c56cd99581b45889e8f1e7c9a8bfa16.jpg","","4600","7388"
"183","中影御佐国际影城（金峰店）","黄埔区广州高新技术产业开发区科翔路128号金峰城4层","440100","广州市","440112","黄埔区","undefined","","","","3900","10004"
"184","金逸影城惠润店","广州市黄埔区黄埔东路298号惠润广场4楼","440100","广州市","440112","黄埔区","020-22195585","020-22195585","https://pic.maizuo.comusr/211/d14cfdb306f24a0b6313783064c57045.jpg","10:00-24:00","3000","211"
"185","广州思哲国际影城","广州市南沙大岗镇兴业路96号阳光城市广场4楼(麦当劳)","440100","广州市","440115","南沙区","020-34938828/34938788","020-34938828/34938788","https://pic.maizuo.comusr/1398/4fc2a82d4d706a04f6950eacc192d5fd.jpg","","2260","1398"
"186","中影星逸巨幕影城（杜比全景声大岗店）","南沙区大岗镇达森广场4楼","440100","广州市","440115","南沙区","020-34930030","020-34930030","","","3100","10021"
"187","博纳院线影城（雅乐Luxe店）","花都区秀全街道秀全街永发路14号花都雅乐城","440100","广州市","440114","花都区","020-86888282","020-86888282","","10:00-23:00","3590","11222"
"188","广州万达影城（萝岗店）","萝岗区开创大道与科丰路交汇处万达百货内","440100","广州市","440112","黄埔区","暂无","暂无","https://pic.maizuo.comusr/2120/142a8cbb77b1a308a0f000539c4960cd.tmp","","3990","2120"
"189","金逸影城（光美三溪IMAX店）","黄埔区黄埔大道东823号居然之家家居生活MALL五楼","440100","广州市","440106","天河区","020-31709662     ","020-31709662     ","","","2600","10706"
"190","广州思哲国际影城东涌店","广州市南沙区东涌镇鱼窝头大道68号2号楼四楼","440100","广州市","440115","南沙区","020-39010208","020-39010208","https://pic.maizuo.comusr/8090/4c825a0a7d23df9fed5b85caad9a4bc7.jpg","","3700","8090"
"191","广州万达影城（亚运城广场店）","广东省广州市番禺区石楼镇康体路43号亚运城广场3楼万达影院","440100","广州市","440113","番禺区","84783454","84783454","https://pic.maizuo.comusr/6914/56ddf8822a2f2c5716835abe879035e3.jpg","09：00—次日01：00","3890","6914"
"192","中影传奇激光巨幕影城","广州市花都区狮岭镇田心路1号太子城6楼","440100","广州市","440114","花都区","13682242402","13682242402","https://pic.maizuo.comusr/4603/bec989bfbd621bcb05759263045d9995.jpg","15:30--24:00","3200","4603"
"193","金逸影城（光美花都狮岭店）","广州市花都区狮岭镇自编金狮大道4号丽莎广场第七层   ","440100","广州市","440114","花都区","020-37709938","020-37709938","https://pic.maizuo.comusr/2846/f6ee879074d528720b7d65b4ae8a7414.png","","2700","2846"
"194","广州中影尚上国际影城","广州市番禺区石楼尚上名筑营销中心3楼","440100","广州市","440113","番禺区"," 020-84836299 "," 020-84836299 ","https://pic.maizuo.comusr/563/44fb7c5c613cadd337bf909fca5954ad.jpg","","3800","563"
"195"," 中影DY影城（萝岗店）","广州市黄埔区开创大道1934号","440100","广州市","440116","萝岗区","020-31702990","020-31702990","","","1300","9275"
"196","中影国线巨幕影城（花都狮岭店）","广州市花都区狮岭镇盘古路与东升中路交界友田商业广场D幢101、201、301号铺三层","440100","广州市","440114","花都区","020-36883789/020-36887789","020-36883789/020-36887789","","","2300","8864"
"197","广州佳兆业国际影城花都店","广州市花都区狮岭镇金狮大道西29号城市广场3F","440100","广州市","440114","花都区","020-37708279","020-37708279","https://pic.maizuo.comusr/719/c67b06e7eaa12f2d4ca8a79e99441902.jpg","","2300","719"
"198","佳影国际影城（香雪店）","广州市黄埔区锐丰中心5号楼三层","440100","广州市","440112","黄埔区","020-81558839","020-81558839","https://pic.maizuo.comusr/8091/4c825a0a7d23df9fed5b85caad9a4bc7.jpg","","3530","8091"
"199","中数华昇巨幕影城(萝岗店)","广州市黄埔区飞晟二街6号301房（地铁6号线香雪站E出口）","440100","广州市","440112","黄埔区","020-29097788","020-29097788","https://pic.maizuo.comusr/5268/4c825a0a7d23df9fed5b85caad9a4bc7.jpg","","4200","5268"
"200","DY影城（绿地LUXE巨幕店）","黄埔区中新知识城九龙大道绿地缤纷城3楼","440100","广州市","440112","黄埔区","undefined","","","","3990","10023"
"201","大地影院（黄埔领好广场店）","广州市黄浦区黄埔东路2839号沙步生活区107国道旁领好广场五楼","440100","广州市","440112","黄埔区","020-22197292","020-22197292","https://pic.maizuo.comusr/4574/226af4b1d757f2054a8370d5e24fb9ad.jpg","","3300","4574"
"202","沃美影城（广州万科店）","黄埔区南岗翠宇七街5号尚城万科里广场4楼","440100","广州市","440112","黄埔区","020-22002296","020-22002296","","","3600","10947"
"203","左岸国际影城（南沙店）","南沙区黄阁镇麒麟广场2楼左岸影城","440100","广州市","440115","南沙区","020-39034566","020-39034566","","","2600","8991"
"204","大地影院（黄埔东区时代城店）","广东省广州市黄埔区荔联街宏明路263号东区商业城4楼大地数字影院","440100","广州市","440112","黄埔区","020-62247836","020-62247836","https://pic.maizuo.comusr/1090/226af4b1d757f2054a8370d5e24fb9ad.jpg","","3380","1090"
"205","广州金逸院线汇赢影城","黄埔区经济开发区东区宏光路123号汇赢广场3楼金逸影城","440100","广州市","440112","黄埔区","020-32076588","020-32076588","https://pic.maizuo.comusr/2538/96dcf1ca0cd37ab42c04e245c1f13afe.tmp","","2900","2538"
"206","凯擘影城（南沙店）","南沙区南沙黄阁镇凤凰大道合景悠方商场3楼（南沙彩汇中心旁）","440100","广州市","440115","南沙区","020-84682776","020-84682776","","","2890","9649"
"207"," 唐人汇电影城","广州市增城区陈家林路63号","440100","广州市","440118","增城区","undefined","","","","4000","8962"
"208","广州万达影城（南沙店）","广州市南沙区双山大道3号万达广场娱乐楼四楼","440100","广州市","440115","南沙区","020-39089666","020-39089666","https://pic.maizuo.comusr/2682/581a5a07eaa9b02bf3f5e42c2c55b013.jpg","","3990","2682"
"209","广州万达影城（永和里享家店）","广东省广州市黄埔区新业路25号自编S1栋万科里享家二楼万达影城","440100","广州市","440112","黄埔区","400-080-6060","400-080-6060","https://pic.maizuo.comusr/6870/56ddf8822a2f2c5716835abe879035e3.jpg","10:00-24:00","3590","6870"
"210","横店电影城广州南沙店","广州市南沙区进港大道奥园海景城中环广场4楼","440100","广州市","440115","南沙区","020-39033116","020-39033116","https://pic.maizuo.comusr/1333/287d24415747c2c2f2c2eecff72ee550.jpg","","2900","1333"
"211","恒业国际影城（新塘凤凰古站店）","增城区增城市新塘镇凤凰古站A6栋3-4楼（恒业国际影城）","440100","广州市","440118","增城区","020-82789388","020-82789388","","","3190","10921"
"212","中影百森国际影城","广州市南沙区金沙路今洲广场","440100","广州市","440115","南沙区","020-39009319","020-39009319","","","2880","9798"
"213","中影佰纳飞影电影城（凤凰城店）","广州市增城永宁街凤凰城凤晴苑四街1号星荟中心3楼","440100","广州市","440118","增城区","020-82886998","020-82886998","https://pic.maizuo.comusr/3161/448a8e1e33c69c1b9bd69bca868c532c.tmp","","3300","3161"
"214","广州金逸增城誉山店","广州市增城区永宁街新新六路211号301（誉山国际悠方商城）","440100","广州市","440118","增城区","020-32982498","020-32982498","https://pic.maizuo.comusr/8750/66b372bc8dc80b571e3b016bc9ed8a4a.jpg","","3500","8750"
"215","大导演激光巨幕影城新塘店","广州市增城区新塘镇汇太西路汇太广场一楼、三楼","440100","广州市","440118","增城区","020-26221526","020-26221526","https://pic.maizuo.comusr/7795/99d0ffdd87794d07b88052d9299b562a.jpg","","2400","7795"
"216","耀莱成龙影城新塘店","广州增城新塘镇港口大道北332号金海岸城市广场四楼","440100","广州市","440118","增城区","020-32896181-810","020-32896181-810","https://pic.maizuo.comusr/714/b5645cf08b7b6acae85d79cd017ab3f1.jpg","","4200","714"
"217","红星电影世界广州新塘星之岛店 ","广州市增城区新塘镇港口大道339号星之岛广场4楼","440100","广州市","440118","增城区","020-82888113","020-82888113","","","3090","8914"
"218","百川国际影城（新塘店）","广州市增城区新塘镇解放北路122号商铺301房","440100","广州市","440118","增城区","undefined","","","","1990","10733"
"219","广州中影佰纳国际影城新塘店","广州市增城区东坑三横中路1号汇创国贸3幢3楼","440100","广州市","440118","增城区","020-32891988","020-32891988","https://pic.maizuo.comusr/2692/fee3d7636195fa805e4da7f704752312.tmp","","2990","2692"
"220","中影南方侨建御溪谷影城","广州市增城区中心镇风光路399号","440100","广州市","440118","增城区","020-32962998","020-32962998","https://pic.maizuo.comusr/8221/4c825a0a7d23df9fed5b85caad9a4bc7.jpg","","3800","8221"
"221","广州万达影城新塘店","广州市增城区新塘镇新福路9号新塘万达广场4F万达影城","440100","广州市","440118","增城区","undefined","","","","3590","9034"
"222","DY影城（永旺梦乐城DMAX巨幕店）","增城区新塘创新大道15号永旺梦乐城三楼3036号","440100","广州市","440118","增城区","020-82666690","020-82666690","","10:00-22:00","3490","11424"
"223","金逸影城（光美增城中贸店）","广州市增城区新塘镇牛仔城横路242号中贸大时代广场A5栋2楼","440100","广州市","440118","增城区","020-82709989","020-82709989","","","2700","8878"
"224","广州从化影天下国际影城","广东广州从化从城大道欣荣宏国际商贸城三楼","440100","广州市","440117","从化区","02037937666","02037937666","https://pic.maizuo.comusr/2994/8e341ab60ea5c99dfb6c00a496c57483.png","","3900","2994"
"225","诚丰影城从化店","广州市从化区江埔街河东南路红荔新村16栋","440100","广州市","440117","从化区","020-28179891","020-28179891","https://pic.maizuo.comusr/7894/4c825a0a7d23df9fed5b85caad9a4bc7.jpg","","3210","7894"
"226","广州天逸国际影城","广州市增城区新塘镇久裕商贸城万和百货三楼","440100","广州市","440118","增城区","020-26225309","020-26225309","","","2250","8814"
"227","麦田田影城（新塘沙埔店）","广州市增城区新塘镇荔新十一路1号荔富广场三层C-01铺","440100","广州市","440118","增城区","undefined","","","","2990","10818"
"228","中影佰纳国际影城（锦绣广场LUXE店）","增城区荔城街府佑路108号敏捷锦绣广场4楼","440100","广州市","440118","增城区","undefined","","","","3000","8937"
"229","广州万达影城（增城店）","广州市增城大道69号万达广场4楼","440100","广州市","440118","增城区","020-26237777","020-26237777","https://pic.maizuo.comusr/1394/581a5a07eaa9b02bf3f5e42c2c55b013.jpg","","3590","1394"
"230","无瑕时代影城(合汇广场店)","广东省广州市增城区荔城街俯佑路88号合汇城3楼s5区","440100","广州市","440118","增城区","020-32822283","020-32822283","","","2980","8846"
"231","大地影院（增城东汇城店）","广州市增城区荔城街府佑路98号东汇城4楼大地数字影院","440100","广州市","440118","增城区","020-32831009","020-32831009","https://pic.maizuo.comusr/1091/226af4b1d757f2054a8370d5e24fb9ad.jpg","","3580","1091"
"232","中影佰纳国际影城（挂绿广场DMAX店）","增城区增城市荔城街挂绿路挂绿广场五层","440100","广州市","440118","增城区","020-32888861","020-32888861","","","2990","10012"
"233","FUN范影城（增城·杜比巨幕）","增城区增江街增江大道南30号增江商业广场第四层401号铺","440100","广州市","440118","增城区","020-32883288","020-32883288","","","3090","9341"
"234","广州1978电影城","广州市增城区增江街沿江东三路15号1978创意园B区1号","440100","广州市","440118","增城区","13539946675","13539946675","https://pic.maizuo.comusr/704/a3cc26ff1225787e0def51170454fe6f.png","周一至周五（13：00--1：00）， 周六，周日，节假日（10：30—1：00）","2990","704"
"235","星天地国际影城·杜比巨幕（同德围）","白云区西槎路同德围鹅掌坦百德广场四楼","440100","广州市","440111","白云区","020-32586939","020-32586939","","","1200","10018"
